Codon	AminoAcid	Danio rerio	Gallus gallus	Homo sapiens	Mus musculus	Oryctolagus cuniculus
GCG	Ala	0.0	0.35294117647058826	0.17647058823529413	0.0	0.0
GCC	Ala	1.7142857142857142	1.588235294117647	2.6470588235294117	2.625	2.739130434782609
GCA	Ala	1.2857142857142858	1.0588235294117647	0.17647058823529413	0.375	0.2608695652173913
AGG	Arg	2.5	2.0	2.5	2.2222222222222223	1.875
CGC	Arg	1.25	1.0	1.25	1.1111111111111112	2.5
AGA	Arg	1.25	2.0	0.0	0.5555555555555556	0.0
CGA	Arg	0.0	0.0	1.25	0.5555555555555556	0.625
CGG	Arg	0.0	0.0	0.0	0.5555555555555556	0.0
AAC	Asn	1.0	1.0	1.0	1.0	1.0
GAC	Asp	1.0	1.0	1.0	1.0	1.0
CAA	Gln	0.0	0.4	0.2857142857142857	0.0	0.0
CAG	Gln	2.0	1.6	1.7142857142857142	2.0	2.0
GAA	Glu	0.2857142857142857	0.0	0.46153846153846156	0.26666666666666666	0.3076923076923077
GAG	Glu	1.7142857142857142	2.0	1.5384615384615385	1.7333333333333334	1.6923076923076923
GGA	Gly	0.8	0.782608695652174	0.36	0.36	0.3
GGC	Gly	1.2	1.173913043478261	1.8	1.68	1.7
GGG	Gly	1.0	1.0434782608695652	0.84	0.96	1.0
CAC	His	1.0	1.0	1.0	1.0	1.0
AAA	Lys	0.6153846153846154	0.6923076923076923	0.5217391304347826	0.5714285714285714	0.3076923076923077
AAG	Lys	1.3846153846153846	1.3076923076923077	1.4782608695652173	1.4285714285714286	1.6923076923076923
CCC	Pro	1.1111111111111112	1.4545454545454546	2.0	1.6923076923076923	1.8
CCA	Pro	0.8888888888888888	0.5454545454545454	0.0	0.3076923076923077	0.2
AGC	Ser	1.0	1.0	1.0	1.0	1.0
ACG	Thr	0.21428571428571427	0.21428571428571427	0.0	0.23076923076923078	0.35294117647058826
ACC	Thr	1.5	1.9285714285714286	2.769230769230769	2.3076923076923075	2.6470588235294117
ACA	Thr	1.2857142857142858	0.8571428571428571	0.23076923076923078	0.46153846153846156	0.0
